{"type":"Topology","arcs":[[[6111,7889],[97,159],[484,-314],[-329,-267],[34,-62],[-24,90],[326,231],[494,-760],[-147,-308],[280,-21],[29,-4],[4,0],[15,4],[1,-3],[7,0],[6,-2],[89,-43],[11,-14],[42,-51],[3,-12],[-1,-15],[1,-9],[84,-97],[23,-11],[4,-8],[45,-32],[25,-16],[145,30],[118,-49],[52,-13],[33,-2],[-9,-145],[-73,-88],[-47,-31],[-36,-24],[-9,-84],[9,24],[24,31],[85,52],[91,102],[251,363],[247,34],[62,-273],[123,-197],[148,-118],[6,-16],[-2,-39],[11,-9],[20,-14],[3,-9],[-9,-26],[-1,-2],[-27,-16],[-16,-10],[179,31],[532,-532],[505,6],[266,296],[326,-43],[-7,10],[-2,4],[-8,17],[-23,17],[30,17],[18,-8],[8,-4],[27,-14],[297,-183],[4,-14],[4,-14],[35,-62],[4,-2],[110,-405],[-26,-6],[23,-18],[617,-215],[124,-171],[-321,-991],[305,-83],[-255,-303],[-622,-173],[-676,213],[-697,-193],[-2,-3],[-8,3],[-3,2],[-177,-48],[-2,-4],[-6,-2],[-44,-15],[-82,-37],[-4,-4],[-8,-3],[-24,-14],[-15,20],[-14,-29],[-27,-12],[-94,-38],[-9,5],[-104,-21],[-953,-320],[-283,-11],[274,8],[-555,-443],[-120,131],[-128,280],[-11,127],[192,41],[-5,3],[2,4],[-25,151],[1,1],[-16,3],[-8,2],[-10,-16],[-69,-3],[-20,-43],[-1,-3],[-53,-64],[-33,-44],[-8,-29],[-3,-21],[0,-16],[9,-2],[2,-1],[-5,-21],[-1,-9],[20,-202],[-9,-16],[-95,-9],[-105,9],[-41,-4],[-87,-29],[44,-35],[-1,-11],[-15,-45],[-7,-12],[3,5],[1,0],[4,2],[4,-3],[0,-4],[-1,-1],[-4,-13],[-2,-19],[-13,-28],[-7,-17],[-5,0],[81,-36],[7,-9],[5,10],[12,42],[15,12],[4,4],[26,55],[13,33],[-2,26],[7,9],[33,-4],[13,-4],[131,-48],[64,-36],[52,-47],[-1,-2],[57,-60],[-352,-432],[-205,191],[-10,-395],[-327,223],[-418,-145],[-685,128],[-135,144],[-277,-531],[-194,135],[225,437],[-275,188],[-173,-335],[-573,395],[176,173],[354,-244],[88,173],[-325,223],[64,130],[-932,223],[-493,237],[-100,-220],[-384,181],[-32,-218],[-542,-181],[-220,-214],[-651,720],[-233,35],[410,-846],[-260,-218],[77,-538],[-505,24],[-258,-132],[24,-679],[-122,-622],[-178,357],[150,1532],[184,123],[18,512],[549,1723],[676,1335],[73,547],[167,81],[196,568],[421,141],[694,549],[1,2],[51,16],[16,-2],[51,0],[15,-4],[5,-4],[8,-13],[-19,-57],[-5,-11],[-1,-17],[5,-2],[13,4],[1,19],[9,-8],[39,0],[18,8],[11,5],[58,39],[24,2],[5,-3],[8,-5],[11,2],[-7,-44],[-13,-21],[1,-29],[46,85],[16,-14],[9,-16],[-6,-10],[-6,-8],[-5,-10],[-3,-11],[5,9],[16,11],[9,-2],[0,-4],[3,-7],[0,-3],[14,5],[4,-5],[3,0],[5,-11],[-23,-49],[7,-3],[19,8],[24,-14],[64,-44],[17,-105],[-1,-10],[6,-9],[1,-18],[2,-6],[0,-12],[751,7],[173,305],[899,639],[580,19],[49,-173]]],"transform":{"scale":[0.00003565723750811357,0.000031052467501997015],"translate":[103.606119708731,1.21863396089009]},"objects":{"national-map-polygon-geojson":{"type":"GeometryCollection","geometries":[{"arcs":[[0]],"type":"Polygon","properties":{"Name":"kml_559","Description":"<center><table><tr><th colspan='2' align='center'><em>Attributes</em></th></tr><tr bgcolor=\"#E3E3F3\"> <th>NAME</th> <td>SINGAPORE - MAIN ISLAND</td> </tr><tr bgcolor=\"\"> <th>FOLDERPATH</th> <td>Layers/Coastal_Outlines</td> </tr><tr bgcolor=\"#E3E3F3\"> <th>SYMBOLID</th> <td>6</td> </tr><tr bgcolor=\"\"> <th>INC_CRC</th> <td>27C59D7747031D8F</td> </tr><tr bgcolor=\"#E3E3F3\"> <th>FMEL_UPD_D</th> <td>20191008154614</td> </tr></table></center>"}}]}}}